CustomerId,Actual_Exited,Churn_Probability,Risk_Flag
15712551,1,0.96,High Risk
15634551,1,0.94,High Risk
15654733,1,0.9266666666666666,High Risk
15696989,1,0.9266666666666666,High Risk
15704583,1,0.9166666666666666,High Risk
15768163,1,0.9133333333333333,High Risk
15585362,1,0.9133333333333333,High Risk
15707637,1,0.9133333333333333,High Risk
15589017,1,0.9033333333333333,High Risk
15647725,1,0.9,High Risk
15695339,1,0.8966666666666666,High Risk
15655082,1,0.8933333333333333,High Risk
15719508,1,0.8933333333333333,High Risk
15638610,1,0.89,High Risk
15793049,1,0.89,High Risk
15703793,1,0.8866666666666667,High Risk
15779176,1,0.88,High Risk
15806808,1,0.88,High Risk
15653937,1,0.88,High Risk
15806049,0,0.8766666666666667,High Risk
15764604,1,0.8733333333333333,High Risk
15787318,1,0.87,High Risk
15664001,1,0.8666666666666667,High Risk
15711299,0,0.8633333333333333,High Risk
15610446,1,0.8633333333333333,High Risk
15647898,1,0.8633333333333333,High Risk
15786196,1,0.86,High Risk
15724154,1,0.8566666666666667,High Risk
15814846,1,0.8566666666666667,High Risk
15811690,1,0.8533333333333334,High Risk
15591169,1,0.8533333333333334,High Risk
15647842,1,0.8466666666666667,High Risk
15679770,1,0.8466666666666667,High Risk
15624519,1,0.8433333333333334,High Risk
15569249,1,0.84,High Risk
15665077,1,0.84,High Risk
15724321,1,0.84,High Risk
15781272,1,0.84,High Risk
15625426,1,0.8366666666666667,High Risk
15759436,1,0.8366666666666667,High Risk
15720559,1,0.8366666666666667,High Risk
15642391,1,0.8333333333333334,High Risk
15698732,0,0.83,High Risk
15775318,1,0.8266666666666667,High Risk
15624180,1,0.8233333333333334,High Risk
15769246,1,0.82,High Risk
15724223,1,0.82,High Risk
15704987,0,0.82,High Risk
15734008,1,0.82,High Risk
15595324,1,0.82,High Risk
15704284,1,0.8166666666666667,High Risk
15606641,1,0.8133333333333334,High Risk
15813113,1,0.81,High Risk
15805260,1,0.8,High Risk
15595592,1,0.7966666666666666,High Risk
15656822,1,0.7933333333333333,High Risk
15768342,1,0.7933333333333333,High Risk
15677796,1,0.7933333333333333,High Risk
15768451,1,0.7933333333333333,High Risk
15711446,1,0.79,High Risk
15692750,1,0.7866666666666666,High Risk
15776454,1,0.7866666666666666,High Risk
15713483,1,0.7833333333333333,High Risk
15720071,1,0.78,High Risk
15624820,1,0.77,High Risk
15583392,1,0.7666666666666667,High Risk
15605916,1,0.7633333333333333,High Risk
15699523,0,0.7633333333333333,High Risk
15758901,1,0.76,High Risk
15679249,1,0.7566666666666667,High Risk
15672432,1,0.7533333333333333,High Risk
15646859,0,0.75,High Risk
15668575,1,0.7466666666666667,High Risk
15618255,1,0.74,High Risk
15655123,1,0.74,High Risk
15668283,1,0.7333333333333333,High Risk
15598751,1,0.7333333333333333,High Risk
15715673,1,0.7266666666666667,High Risk
15793307,1,0.7233333333333334,High Risk
15663410,1,0.72,High Risk
15578297,1,0.7133333333333334,High Risk
15601659,1,0.71,High Risk
15568032,0,0.71,High Risk
15589715,1,0.7066666666666667,High Risk
15757408,1,0.7033333333333334,High Risk
15672374,1,0.7,High Risk
15751491,1,0.6966666666666667,High Risk
15770995,0,0.6933333333333334,High Risk
15706163,1,0.6933333333333334,High Risk
15646366,0,0.6933333333333334,High Risk
15811343,0,0.69,High Risk
15605279,1,0.69,High Risk
15723717,1,0.69,High Risk
15772329,1,0.6866666666666666,High Risk
15677105,1,0.6866666666666666,High Risk
15804131,1,0.6833333333333333,High Risk
15750335,1,0.6833333333333333,High Risk
15785705,1,0.6833333333333333,High Risk
15673238,1,0.68,High Risk
15651581,1,0.6766666666666666,High Risk
15646372,1,0.6733333333333333,High Risk
15700801,1,0.6733333333333333,High Risk
15572547,1,0.6733333333333333,High Risk
15625824,1,0.6733333333333333,High Risk
15650538,1,0.67,High Risk
15654859,1,0.67,High Risk
15749583,1,0.67,High Risk
15718057,1,0.67,High Risk
15724336,0,0.6666666666666666,High Risk
15789582,0,0.6666666666666666,High Risk
15734610,1,0.6666666666666666,High Risk
15757306,1,0.6666666666666666,High Risk
15815490,1,0.6666666666666666,High Risk
15623107,1,0.6633333333333333,High Risk
15725679,1,0.66,High Risk
15722991,1,0.66,High Risk
15640507,1,0.66,High Risk
15662736,1,0.6566666666666666,High Risk
15607537,1,0.6566666666666666,High Risk
15598086,1,0.6466666666666666,High Risk
15649183,0,0.6466666666666666,High Risk
15752081,1,0.64,High Risk
15661821,1,0.64,High Risk
15654456,1,0.64,High Risk
15587210,0,0.6366666666666667,High Risk
15714575,1,0.6333333333333333,High Risk
15691817,1,0.6333333333333333,High Risk
15570931,1,0.6333333333333333,High Risk
15749103,1,0.6333333333333333,High Risk
15813067,1,0.6266666666666667,High Risk
15743007,1,0.6266666666666667,High Risk
15742116,0,0.6266666666666667,High Risk
15743617,0,0.6266666666666667,High Risk
15627484,0,0.6233333333333333,High Risk
15646764,1,0.6233333333333333,High Risk
15622033,1,0.6233333333333333,High Risk
15708063,1,0.6233333333333333,High Risk
15662098,1,0.62,High Risk
15809826,1,0.6166666666666667,High Risk
15672082,0,0.6133333333333333,High Risk
15740442,1,0.6133333333333333,High Risk
15579826,0,0.6133333333333333,High Risk
15661162,1,0.61,High Risk
15771569,0,0.6066666666666667,High Risk
15789611,1,0.6066666666666667,High Risk
15677921,1,0.6033333333333334,High Risk
15729582,0,0.6033333333333334,High Risk
15800434,1,0.6033333333333334,High Risk
15775905,1,0.6,High Risk
15743293,1,0.6,High Risk
15754577,1,0.5966666666666667,High Risk
15769703,1,0.5966666666666667,High Risk
15616666,0,0.5966666666666667,High Risk
15810460,1,0.5933333333333334,High Risk
15734578,0,0.5933333333333334,High Risk
15608804,0,0.59,High Risk
15636428,1,0.5866666666666667,High Risk
15811588,1,0.5833333333333334,High Risk
15738148,1,0.5833333333333334,High Risk
15802617,0,0.58,High Risk
15591986,1,0.58,High Risk
15595842,1,0.58,High Risk
15654673,1,0.5766666666666667,High Risk
15597968,1,0.5766666666666667,High Risk
15730793,1,0.5766666666666667,High Risk
15597930,1,0.5766666666666667,High Risk
15773972,1,0.5766666666666667,High Risk
15745533,1,0.5733333333333334,High Risk
15707011,0,0.57,High Risk
15711251,0,0.5666666666666667,High Risk
15585985,1,0.5666666666666667,High Risk
15658169,0,0.5666666666666667,High Risk
15757952,1,0.5633333333333334,High Risk
15589475,1,0.5633333333333334,High Risk
15716608,1,0.5633333333333334,High Risk
15659105,0,0.56,High Risk
15637891,0,0.5566666666666666,High Risk
15733361,1,0.5566666666666666,High Risk
15745452,0,0.5566666666666666,High Risk
15760216,1,0.5566666666666666,High Risk
15715142,1,0.5566666666666666,High Risk
15632816,0,0.5533333333333333,High Risk
15616152,0,0.5533333333333333,High Risk
15800583,0,0.5533333333333333,High Risk
15665956,1,0.5533333333333333,High Risk
15730673,0,0.55,High Risk
15761497,1,0.55,High Risk
15577107,1,0.55,High Risk
15756804,1,0.5466666666666666,High Risk
15680611,0,0.5466666666666666,High Risk
15584704,0,0.5466666666666666,High Risk
15680430,0,0.5433333333333333,High Risk
15692142,1,0.5433333333333333,High Risk
15580956,1,0.54,High Risk
15702095,1,0.54,High Risk
15815530,0,0.54,High Risk
15681206,1,0.5366666666666666,High Risk
15806256,1,0.5366666666666666,High Risk
15737025,1,0.5366666666666666,High Risk
15737778,0,0.5333333333333333,High Risk
15689201,0,0.5333333333333333,High Risk
15761018,1,0.5333333333333333,High Risk
15684951,1,0.5333333333333333,High Risk
15792722,0,0.5266666666666666,High Risk
15801169,1,0.5266666666666666,High Risk
15693764,1,0.5233333333333333,High Risk
15790455,1,0.5233333333333333,High Risk
15786153,0,0.52,High Risk
15809178,1,0.52,High Risk
15679284,0,0.52,High Risk
15698716,1,0.5166666666666667,High Risk
15723488,1,0.5166666666666667,High Risk
15706534,1,0.5166666666666667,High Risk
15769064,1,0.5166666666666667,High Risk
15801336,1,0.5133333333333333,High Risk
15615797,1,0.5133333333333333,High Risk
15656683,1,0.5133333333333333,High Risk
15727944,0,0.51,High Risk
15738605,1,0.51,High Risk
15612455,0,0.5066666666666667,High Risk
15581620,0,0.5033333333333333,High Risk
15747208,1,0.5033333333333333,High Risk
15573851,1,0.5,High Risk
15726494,1,0.5,High Risk
15747323,1,0.5,High Risk
15647203,0,0.5,High Risk
15761487,1,0.5,High Risk
15604130,0,0.49666666666666665,High Risk
15789563,1,0.49666666666666665,High Risk
15679307,0,0.49333333333333335,High Risk
15698791,0,0.49333333333333335,High Risk
15690829,1,0.49,High Risk
15635502,0,0.49,High Risk
15627665,1,0.4866666666666667,High Risk
15706365,0,0.4866666666666667,High Risk
15707322,1,0.4866666666666667,High Risk
15657637,0,0.4866666666666667,High Risk
15619514,1,0.48333333333333334,High Risk
15581197,0,0.48333333333333334,High Risk
15782210,1,0.48333333333333334,High Risk
15600832,0,0.48333333333333334,High Risk
15791111,0,0.48333333333333334,High Risk
15677307,0,0.48,High Risk
15805303,1,0.48,High Risk
15569590,1,0.48,High Risk
15625501,1,0.48,High Risk
15681075,0,0.48,High Risk
15680278,1,0.48,High Risk
15809736,1,0.4766666666666667,High Risk
15694039,0,0.47333333333333333,High Risk
15806546,0,0.47,High Risk
15764170,1,0.4666666666666667,High Risk
15740237,0,0.4666666666666667,High Risk
15602010,1,0.4666666666666667,High Risk
15684171,0,0.4666666666666667,High Risk
15614103,1,0.4633333333333333,High Risk
15755196,1,0.4633333333333333,High Risk
15769389,0,0.4633333333333333,High Risk
15612207,1,0.4633333333333333,High Risk
15646535,0,0.46,High Risk
15792388,0,0.46,High Risk
15801832,1,0.46,High Risk
15815040,1,0.46,High Risk
15763274,0,0.46,High Risk
15591724,0,0.46,High Risk
15684318,0,0.45666666666666667,High Risk
15753110,1,0.45,High Risk
15757607,1,0.45,High Risk
15592222,0,0.45,High Risk
15722611,0,0.45,High Risk
15700460,1,0.45,High Risk
15606076,0,0.45,High Risk
15732299,0,0.44666666666666666,High Risk
15736730,0,0.44666666666666666,High Risk
15628600,0,0.44333333333333336,High Risk
15776939,0,0.44333333333333336,High Risk
15702442,0,0.44333333333333336,High Risk
15691808,0,0.44,High Risk
15675185,0,0.44,High Risk
15583552,0,0.43666666666666665,High Risk
15665222,0,0.43666666666666665,High Risk
15629273,1,0.43333333333333335,High Risk
15699325,0,0.43333333333333335,High Risk
15692664,0,0.43333333333333335,High Risk
15733973,1,0.43,High Risk
15743714,0,0.43,High Risk
15797751,1,0.43,High Risk
15796993,1,0.4266666666666667,High Risk
15813850,0,0.4266666666666667,High Risk
15657386,0,0.4266666666666667,High Risk
15758606,1,0.42333333333333334,High Risk
15657540,0,0.42333333333333334,High Risk
15751392,1,0.42333333333333334,High Risk
15677020,1,0.42333333333333334,High Risk
15577514,0,0.42333333333333334,High Risk
15742834,0,0.42333333333333334,High Risk
15760521,0,0.42333333333333334,High Risk
15687491,1,0.42,High Risk
15651713,0,0.42,High Risk
15749472,0,0.4166666666666667,High Risk
15592104,1,0.4166666666666667,High Risk
15591985,1,0.4166666666666667,High Risk
15805955,0,0.4166666666666667,High Risk
15698184,0,0.41333333333333333,High Risk
15615430,1,0.41333333333333333,High Risk
15719856,0,0.41,High Risk
15739858,1,0.41,High Risk
15784736,0,0.41,High Risk
15619016,0,0.41,High Risk
15689322,0,0.4066666666666667,High Risk
15757632,0,0.4033333333333333,High Risk
15784923,1,0.4,High Risk
15622750,0,0.4,High Risk
15723894,0,0.39666666666666667,High Risk
15807993,1,0.39666666666666667,High Risk
15612350,1,0.39666666666666667,High Risk
15598331,0,0.3933333333333333,High Risk
15630466,0,0.3933333333333333,High Risk
15698902,1,0.3933333333333333,High Risk
15771383,0,0.3933333333333333,High Risk
15585892,0,0.3933333333333333,High Risk
15713596,0,0.39,High Risk
15742442,0,0.39,High Risk
15577423,1,0.38666666666666666,High Risk
15784180,1,0.38333333333333336,High Risk
15632050,0,0.38333333333333336,High Risk
15632665,1,0.38,High Risk
15774630,0,0.38,High Risk
15640409,1,0.38,High Risk
15571121,0,0.38,High Risk
15735636,1,0.37666666666666665,Lower Risk
15624391,0,0.37666666666666665,Lower Risk
15664849,1,0.37333333333333335,Lower Risk
15640686,1,0.37333333333333335,Lower Risk
15788535,0,0.37333333333333335,Lower Risk
15565714,0,0.37333333333333335,Lower Risk
15808526,1,0.37333333333333335,Lower Risk
15728917,1,0.37333333333333335,Lower Risk
15621815,0,0.37,Lower Risk
15731478,0,0.37,Lower Risk
15596088,0,0.37,Lower Risk
15646817,0,0.36666666666666664,Lower Risk
15661409,1,0.36666666666666664,Lower Risk
15621075,0,0.36666666666666664,Lower Risk
15585580,1,0.36666666666666664,Lower Risk
15684211,0,0.36333333333333334,Lower Risk
15578866,0,0.36333333333333334,Lower Risk
15595153,0,0.36333333333333334,Lower Risk
15692291,1,0.36333333333333334,Lower Risk
15755638,1,0.36333333333333334,Lower Risk
15630328,0,0.36333333333333334,Lower Risk
15594408,1,0.36333333333333334,Lower Risk
15804038,1,0.36333333333333334,Lower Risk
15759387,1,0.36,Lower Risk
15627971,0,0.36,Lower Risk
15750658,0,0.36,Lower Risk
15678201,1,0.36,Lower Risk
15662232,0,0.36,Lower Risk
15579808,0,0.36,Lower Risk
15566139,0,0.36,Lower Risk
15644400,0,0.3566666666666667,Lower Risk
15691004,1,0.3566666666666667,Lower Risk
15626795,1,0.3566666666666667,Lower Risk
15643158,1,0.3566666666666667,Lower Risk
15636330,1,0.35333333333333333,Lower Risk
15804017,0,0.35333333333333333,Lower Risk
15723864,1,0.35333333333333333,Lower Risk
15815070,0,0.35333333333333333,Lower Risk
15624186,0,0.35,Lower Risk
15609987,0,0.3466666666666667,Lower Risk
15638989,1,0.3466666666666667,Lower Risk
15567778,1,0.3433333333333333,Lower Risk
15699309,1,0.3433333333333333,Lower Risk
15794276,0,0.3433333333333333,Lower Risk
15760085,0,0.3433333333333333,Lower Risk
15640418,0,0.3433333333333333,Lower Risk
15749123,0,0.34,Lower Risk
15714466,1,0.34,Lower Risk
15787459,0,0.34,Lower Risk
15596379,0,0.33666666666666667,Lower Risk
15614847,0,0.33666666666666667,Lower Risk
15744240,0,0.33666666666666667,Lower Risk
15668472,0,0.33666666666666667,Lower Risk
15800229,0,0.33666666666666667,Lower Risk
15710295,0,0.33666666666666667,Lower Risk
15571193,1,0.33666666666666667,Lower Risk
15588350,0,0.33666666666666667,Lower Risk
15797381,1,0.3333333333333333,Lower Risk
15775756,0,0.3333333333333333,Lower Risk
15600700,0,0.3333333333333333,Lower Risk
15745266,1,0.3333333333333333,Lower Risk
15707974,0,0.3333333333333333,Lower Risk
15618203,0,0.3333333333333333,Lower Risk
15647266,0,0.3333333333333333,Lower Risk
15635703,0,0.3333333333333333,Lower Risk
15623791,0,0.33,Lower Risk
15655229,0,0.33,Lower Risk
15696514,0,0.33,Lower Risk
15737385,0,0.33,Lower Risk
15658240,0,0.32666666666666666,Lower Risk
15763415,0,0.32666666666666666,Lower Risk
15809654,0,0.32666666666666666,Lower Risk
15594898,1,0.32666666666666666,Lower Risk
15609510,0,0.3233333333333333,Lower Risk
15630241,0,0.3233333333333333,Lower Risk
15632118,1,0.3233333333333333,Lower Risk
15769216,1,0.32,Lower Risk
15751227,0,0.32,Lower Risk
15592229,1,0.32,Lower Risk
15666856,0,0.32,Lower Risk
15711181,0,0.31666666666666665,Lower Risk
15728333,0,0.31666666666666665,Lower Risk
15590177,0,0.31666666666666665,Lower Risk
15770255,0,0.31666666666666665,Lower Risk
15778135,0,0.31666666666666665,Lower Risk
15620268,0,0.31666666666666665,Lower Risk
15713578,0,0.31333333333333335,Lower Risk
15774250,1,0.31333333333333335,Lower Risk
15634936,0,0.31333333333333335,Lower Risk
15705890,0,0.31333333333333335,Lower Risk
15585865,1,0.31333333333333335,Lower Risk
15574213,1,0.31,Lower Risk
15593280,0,0.31,Lower Risk
15764226,0,0.31,Lower Risk
15761286,0,0.30666666666666664,Lower Risk
15581626,1,0.30666666666666664,Lower Risk
15708357,0,0.30666666666666664,Lower Risk
15728006,0,0.30666666666666664,Lower Risk
15607269,0,0.30666666666666664,Lower Risk
15788291,1,0.30666666666666664,Lower Risk
15623502,0,0.30666666666666664,Lower Risk
15570990,0,0.30666666666666664,Lower Risk
15574743,0,0.30666666666666664,Lower Risk
15811290,0,0.30666666666666664,Lower Risk
15746490,0,0.30333333333333334,Lower Risk
15611058,1,0.30333333333333334,Lower Risk
15599126,1,0.30333333333333334,Lower Risk
15605791,0,0.30333333333333334,Lower Risk
15673908,0,0.30333333333333334,Lower Risk
15779809,0,0.30333333333333334,Lower Risk
15669301,1,0.30333333333333334,Lower Risk
15710053,0,0.3,Lower Risk
15801658,0,0.3,Lower Risk
15667458,0,0.3,Lower Risk
15780088,0,0.2966666666666667,Lower Risk
15808851,0,0.2966666666666667,Lower Risk
15814690,1,0.2966666666666667,Lower Risk
15621768,0,0.2966666666666667,Lower Risk
15714832,0,0.2966666666666667,Lower Risk
15733777,1,0.2966666666666667,Lower Risk
15654851,0,0.2966666666666667,Lower Risk
15747821,0,0.2966666666666667,Lower Risk
15617065,1,0.2966666666666667,Lower Risk
15574169,0,0.29333333333333333,Lower Risk
15748854,0,0.29333333333333333,Lower Risk
15604146,0,0.29333333333333333,Lower Risk
15733247,1,0.29333333333333333,Lower Risk
15700854,1,0.29333333333333333,Lower Risk
15732740,0,0.29333333333333333,Lower Risk
15702669,0,0.29333333333333333,Lower Risk
15611800,0,0.29333333333333333,Lower Risk
15604314,0,0.29333333333333333,Lower Risk
15675983,0,0.29333333333333333,Lower Risk
15575399,0,0.29333333333333333,Lower Risk
15609558,1,0.29333333333333333,Lower Risk
15712199,0,0.29333333333333333,Lower Risk
15812920,0,0.29333333333333333,Lower Risk
15594340,1,0.29,Lower Risk
15651983,1,0.29,Lower Risk
15811958,0,0.29,Lower Risk
15812272,1,0.29,Lower Risk
15571973,0,0.29,Lower Risk
15613623,0,0.29,Lower Risk
15737605,0,0.29,Lower Risk
15585855,0,0.2866666666666667,Lower Risk
15726313,0,0.2866666666666667,Lower Risk
15629078,1,0.2866666666666667,Lower Risk
15763895,0,0.2866666666666667,Lower Risk
15629551,0,0.2866666666666667,Lower Risk
15569098,1,0.2866666666666667,Lower Risk
15599078,0,0.2866666666666667,Lower Risk
15769980,0,0.2866666666666667,Lower Risk
15792176,0,0.2866666666666667,Lower Risk
15655590,0,0.2866666666666667,Lower Risk
15773779,0,0.2866666666666667,Lower Risk
15676091,0,0.2866666666666667,Lower Risk
15633574,0,0.2833333333333333,Lower Risk
15622631,1,0.2833333333333333,Lower Risk
15711455,1,0.2833333333333333,Lower Risk
15718765,1,0.2833333333333333,Lower Risk
15612087,0,0.2833333333333333,Lower Risk
15624695,0,0.2833333333333333,Lower Risk
15669326,0,0.2833333333333333,Lower Risk
15672467,0,0.28,Lower Risk
15675337,1,0.28,Lower Risk
15729908,0,0.28,Lower Risk
15757829,0,0.28,Lower Risk
15775662,0,0.28,Lower Risk
15604158,0,0.28,Lower Risk
15661903,1,0.28,Lower Risk
15802869,0,0.28,Lower Risk
15803804,0,0.27666666666666667,Lower Risk
15802625,0,0.27666666666666667,Lower Risk
15566211,1,0.27666666666666667,Lower Risk
15636736,1,0.27666666666666667,Lower Risk
15690231,0,0.2733333333333333,Lower Risk
15720284,0,0.2733333333333333,Lower Risk
15653306,0,0.27,Lower Risk
15730038,1,0.27,Lower Risk
15703544,0,0.27,Lower Risk
15638487,0,0.27,Lower Risk
15679818,1,0.27,Lower Risk
15778526,0,0.27,Lower Risk
15794841,0,0.27,Lower Risk
15778463,0,0.27,Lower Risk
15706557,1,0.27,Lower Risk
15680895,0,0.27,Lower Risk
15628767,1,0.27,Lower Risk
15575935,1,0.27,Lower Risk
15763414,0,0.26666666666666666,Lower Risk
15696141,0,0.26666666666666666,Lower Risk
15628886,1,0.26666666666666666,Lower Risk
15645593,0,0.26666666666666666,Lower Risk
15637690,1,0.26666666666666666,Lower Risk
15721740,0,0.26666666666666666,Lower Risk
15593496,0,0.2633333333333333,Lower Risk
15791191,0,0.2633333333333333,Lower Risk
15640161,0,0.2633333333333333,Lower Risk
15685245,0,0.26,Lower Risk
15607133,1,0.26,Lower Risk
15781619,1,0.26,Lower Risk
15576313,0,0.26,Lower Risk
15788930,0,0.26,Lower Risk
15799811,1,0.26,Lower Risk
15763093,0,0.26,Lower Risk
15764922,0,0.26,Lower Risk
15682273,0,0.26,Lower Risk
15774402,0,0.25666666666666665,Lower Risk
15705403,0,0.25666666666666665,Lower Risk
15674433,0,0.25666666666666665,Lower Risk
15708003,0,0.25666666666666665,Lower Risk
15611729,1,0.25666666666666665,Lower Risk
15644878,0,0.25666666666666665,Lower Risk
15576111,0,0.25666666666666665,Lower Risk
15636388,0,0.25666666666666665,Lower Risk
15571261,0,0.25666666666666665,Lower Risk
15720687,1,0.25666666666666665,Lower Risk
15621546,0,0.25333333333333335,Lower Risk
15637876,1,0.25333333333333335,Lower Risk
15590094,0,0.25333333333333335,Lower Risk
15613048,1,0.25,Lower Risk
15668309,1,0.25,Lower Risk
15793478,1,0.25,Lower Risk
15707602,1,0.25,Lower Risk
15704378,0,0.25,Lower Risk
15735400,0,0.25,Lower Risk
15656937,0,0.24666666666666667,Lower Risk
15697310,0,0.24666666666666667,Lower Risk
15809347,0,0.24666666666666667,Lower Risk
15683521,0,0.24666666666666667,Lower Risk
15732437,1,0.24666666666666667,Lower Risk
15717290,0,0.24666666666666667,Lower Risk
15662574,0,0.24666666666666667,Lower Risk
15609928,0,0.24666666666666667,Lower Risk
15757559,1,0.24666666666666667,Lower Risk
15683544,0,0.24666666666666667,Lower Risk
15795936,0,0.24333333333333335,Lower Risk
15628558,0,0.24333333333333335,Lower Risk
15679968,0,0.24333333333333335,Lower Risk
15715047,1,0.24333333333333335,Lower Risk
15610930,0,0.24333333333333335,Lower Risk
15766683,1,0.24333333333333335,Lower Risk
15702462,1,0.24333333333333335,Lower Risk
15711834,1,0.24,Lower Risk
15802207,0,0.24,Lower Risk
15635776,0,0.24,Lower Risk
15715079,0,0.24,Lower Risk
15736327,0,0.24,Lower Risk
15620735,0,0.24,Lower Risk
15632609,0,0.24,Lower Risk
15622911,0,0.24,Lower Risk
15700223,0,0.24,Lower Risk
15654772,1,0.24,Lower Risk
15798888,0,0.24,Lower Risk
15580249,0,0.23666666666666666,Lower Risk
15643794,0,0.23666666666666666,Lower Risk
15713347,0,0.23666666666666666,Lower Risk
15813917,0,0.23666666666666666,Lower Risk
15727556,0,0.23666666666666666,Lower Risk
15631848,0,0.23666666666666666,Lower Risk
15636767,0,0.23666666666666666,Lower Risk
15786392,0,0.23333333333333334,Lower Risk
15640268,0,0.23333333333333334,Lower Risk
15578761,1,0.23333333333333334,Lower Risk
15662151,0,0.23333333333333334,Lower Risk
15738448,0,0.23333333333333334,Lower Risk
15611371,0,0.23333333333333334,Lower Risk
15747534,1,0.23,Lower Risk
15764335,0,0.23,Lower Risk
15731267,0,0.23,Lower Risk
15733387,0,0.23,Lower Risk
15692207,0,0.23,Lower Risk
15757568,0,0.23,Lower Risk
15714355,0,0.23,Lower Risk
15731026,0,0.22666666666666666,Lower Risk
15583680,0,0.22666666666666666,Lower Risk
15669060,0,0.22666666666666666,Lower Risk
15627801,0,0.22666666666666666,Lower Risk
15723604,0,0.22666666666666666,Lower Risk
15611318,1,0.22666666666666666,Lower Risk
15772009,0,0.22666666666666666,Lower Risk
15576263,0,0.22666666666666666,Lower Risk
15793197,0,0.22666666666666666,Lower Risk
15644621,0,0.22666666666666666,Lower Risk
15792365,0,0.22666666666666666,Lower Risk
15748499,1,0.22666666666666666,Lower Risk
15621116,0,0.22333333333333333,Lower Risk
15810775,0,0.22333333333333333,Lower Risk
15809143,0,0.22333333333333333,Lower Risk
15653521,0,0.22333333333333333,Lower Risk
15759244,0,0.22333333333333333,Lower Risk
15687270,0,0.22333333333333333,Lower Risk
15713853,0,0.22333333333333333,Lower Risk
15682211,0,0.22333333333333333,Lower Risk
15677062,0,0.22333333333333333,Lower Risk
15682355,1,0.22333333333333333,Lower Risk
15578809,1,0.22,Lower Risk
15659092,1,0.22,Lower Risk
15610416,1,0.22,Lower Risk
15568849,0,0.22,Lower Risk
15770711,0,0.22,Lower Risk
15749019,0,0.22,Lower Risk
15672610,0,0.22,Lower Risk
15669783,1,0.21666666666666667,Lower Risk
15732020,0,0.21666666666666667,Lower Risk
15584320,0,0.21666666666666667,Lower Risk
15663808,0,0.21666666666666667,Lower Risk
15599433,0,0.21666666666666667,Lower Risk
15592089,0,0.21666666666666667,Lower Risk
15644882,0,0.21666666666666667,Lower Risk
15690164,0,0.21666666666666667,Lower Risk
15742820,0,0.21666666666666667,Lower Risk
15776518,0,0.21666666666666667,Lower Risk
15738889,1,0.21666666666666667,Lower Risk
15756535,0,0.21333333333333335,Lower Risk
15673984,1,0.21333333333333335,Lower Risk
15619436,0,0.21333333333333335,Lower Risk
15752731,0,0.21333333333333335,Lower Risk
15701333,0,0.21333333333333335,Lower Risk
15684469,0,0.21333333333333335,Lower Risk
15628059,0,0.21333333333333335,Lower Risk
15712568,0,0.21333333333333335,Lower Risk
15730339,0,0.21333333333333335,Lower Risk
15647965,1,0.21333333333333335,Lower Risk
15630913,0,0.21333333333333335,Lower Risk
15661734,0,0.21,Lower Risk
15734987,0,0.21,Lower Risk
15799435,0,0.21,Lower Risk
15653110,0,0.21,Lower Risk
15616530,1,0.21,Lower Risk
15724623,1,0.21,Lower Risk
15638231,0,0.21,Lower Risk
15766166,0,0.21,Lower Risk
15716186,0,0.21,Lower Risk
15725221,0,0.21,Lower Risk
15748532,0,0.21,Lower Risk
15642162,1,0.21,Lower Risk
15576706,0,0.21,Lower Risk
15746726,0,0.21,Lower Risk
15690796,0,0.21,Lower Risk
15730759,1,0.21,Lower Risk
15600357,0,0.21,Lower Risk
15748797,1,0.21,Lower Risk
15738634,0,0.20666666666666667,Lower Risk
15652218,0,0.20666666666666667,Lower Risk
15677783,0,0.20666666666666667,Lower Risk
15723217,0,0.20666666666666667,Lower Risk
15766746,0,0.20666666666666667,Lower Risk
15688059,0,0.20666666666666667,Lower Risk
15781665,0,0.20666666666666667,Lower Risk
15743532,1,0.20666666666666667,Lower Risk
15572022,0,0.20666666666666667,Lower Risk
15569247,0,0.20666666666666667,Lower Risk
15732643,1,0.20666666666666667,Lower Risk
15721469,0,0.20333333333333334,Lower Risk
15766734,0,0.20333333333333334,Lower Risk
15583668,0,0.20333333333333334,Lower Risk
15765487,0,0.20333333333333334,Lower Risk
15778049,0,0.20333333333333334,Lower Risk
15576216,1,0.20333333333333334,Lower Risk
15638159,0,0.20333333333333334,Lower Risk
15752809,0,0.20333333333333334,Lower Risk
15792328,1,0.2,Lower Risk
15705707,0,0.2,Lower Risk
15751131,0,0.2,Lower Risk
15710366,1,0.2,Lower Risk
15806837,0,0.2,Lower Risk
15586880,0,0.2,Lower Risk
15708162,0,0.2,Lower Risk
15653222,0,0.2,Lower Risk
15592379,0,0.2,Lower Risk
15662403,0,0.2,Lower Risk
15573730,0,0.19666666666666666,Lower Risk
15801218,1,0.19666666666666666,Lower Risk
15668323,1,0.19666666666666666,Lower Risk
15572051,0,0.19666666666666666,Lower Risk
15723299,1,0.19666666666666666,Lower Risk
15748597,1,0.19666666666666666,Lower Risk
15772421,0,0.19666666666666666,Lower Risk
15691104,1,0.19666666666666666,Lower Risk
15611029,0,0.19666666666666666,Lower Risk
15594041,0,0.19333333333333333,Lower Risk
15745030,0,0.19333333333333333,Lower Risk
15610781,0,0.19333333333333333,Lower Risk
15763704,0,0.19333333333333333,Lower Risk
15778481,0,0.19333333333333333,Lower Risk
15768006,0,0.19333333333333333,Lower Risk
15811594,0,0.19333333333333333,Lower Risk
15594786,0,0.19333333333333333,Lower Risk
15738166,0,0.19333333333333333,Lower Risk
15784099,0,0.19333333333333333,Lower Risk
15620103,0,0.19,Lower Risk
15633546,0,0.19,Lower Risk
15601030,0,0.19,Lower Risk
15788367,0,0.19,Lower Risk
15607275,1,0.19,Lower Risk
15737521,0,0.19,Lower Risk
15641110,0,0.19,Lower Risk
15728224,1,0.19,Lower Risk
15710316,0,0.19,Lower Risk
15624013,0,0.19,Lower Risk
15729454,0,0.19,Lower Risk
15747649,0,0.19,Lower Risk
15772216,0,0.19,Lower Risk
15579566,1,0.19,Lower Risk
15736271,0,0.18666666666666668,Lower Risk
15682533,0,0.18666666666666668,Lower Risk
15586243,0,0.18666666666666668,Lower Risk
15778005,1,0.18666666666666668,Lower Risk
15609254,0,0.18666666666666668,Lower Risk
15627190,0,0.18666666666666668,Lower Risk
15723263,1,0.18666666666666668,Lower Risk
15690188,1,0.18666666666666668,Lower Risk
15757385,0,0.18666666666666668,Lower Risk
15810167,0,0.18666666666666668,Lower Risk
15771059,0,0.18666666666666668,Lower Risk
15582762,0,0.18666666666666668,Lower Risk
15638149,0,0.18666666666666668,Lower Risk
15741865,0,0.18666666666666668,Lower Risk
15654296,0,0.18666666666666668,Lower Risk
15778320,0,0.18666666666666668,Lower Risk
15602812,0,0.18666666666666668,Lower Risk
15665861,0,0.18666666666666668,Lower Risk
15756848,0,0.18666666666666668,Lower Risk
15677369,0,0.18666666666666668,Lower Risk
15771977,0,0.18666666666666668,Lower Risk
15751628,0,0.18666666666666668,Lower Risk
15677052,1,0.18666666666666668,Lower Risk
15713426,1,0.18666666666666668,Lower Risk
15804211,0,0.18333333333333332,Lower Risk
15714080,0,0.18333333333333332,Lower Risk
15719348,1,0.18333333333333332,Lower Risk
15792222,0,0.18333333333333332,Lower Risk
15620344,0,0.18333333333333332,Lower Risk
15596339,0,0.18333333333333332,Lower Risk
15625819,0,0.18333333333333332,Lower Risk
15628863,0,0.18333333333333332,Lower Risk
15733297,0,0.18333333333333332,Lower Risk
15802220,0,0.18333333333333332,Lower Risk
15742009,0,0.18333333333333332,Lower Risk
15788483,0,0.18333333333333332,Lower Risk
15760641,0,0.18,Lower Risk
15596175,1,0.18,Lower Risk
15645136,0,0.18,Lower Risk
15570271,0,0.18,Lower Risk
15703264,0,0.18,Lower Risk
15621653,0,0.18,Lower Risk
15700476,0,0.18,Lower Risk
15735522,0,0.18,Lower Risk
15677387,0,0.18,Lower Risk
15608845,0,0.18,Lower Risk
15592707,0,0.17666666666666667,Lower Risk
15640491,0,0.17666666666666667,Lower Risk
15770548,0,0.17666666666666667,Lower Risk
15790846,0,0.17666666666666667,Lower Risk
15675585,0,0.17666666666666667,Lower Risk
15628170,0,0.17666666666666667,Lower Risk
15805690,1,0.17666666666666667,Lower Risk
15691792,0,0.17666666666666667,Lower Risk
15608114,0,0.17666666666666667,Lower Risk
15620836,0,0.17333333333333334,Lower Risk
15704597,0,0.17333333333333334,Lower Risk
15574369,0,0.17333333333333334,Lower Risk
15646490,0,0.17333333333333334,Lower Risk
15722813,0,0.17333333333333334,Lower Risk
15758831,0,0.17333333333333334,Lower Risk
15734970,0,0.17333333333333334,Lower Risk
15607753,0,0.17333333333333334,Lower Risk
15797905,0,0.17333333333333334,Lower Risk
15679622,0,0.17333333333333334,Lower Risk
15641250,0,0.17333333333333334,Lower Risk
15580560,0,0.17333333333333334,Lower Risk
15603454,0,0.17,Lower Risk
15589660,0,0.17,Lower Risk
15675854,1,0.17,Lower Risk
15698031,0,0.17,Lower Risk
15668886,0,0.17,Lower Risk
15730273,0,0.17,Lower Risk
15737814,1,0.17,Lower Risk
15732113,0,0.17,Lower Risk
15757897,0,0.17,Lower Risk
15788025,0,0.17,Lower Risk
15768104,0,0.17,Lower Risk
15648702,0,0.16666666666666666,Lower Risk
15813034,0,0.16666666666666666,Lower Risk
15631359,0,0.16666666666666666,Lower Risk
15800049,0,0.16666666666666666,Lower Risk
15673837,0,0.16666666666666666,Lower Risk
15736778,0,0.16666666666666666,Lower Risk
15722692,0,0.16666666666666666,Lower Risk
15598884,0,0.16666666666666666,Lower Risk
15753161,0,0.16666666666666666,Lower Risk
15796343,0,0.16666666666666666,Lower Risk
15696733,0,0.16666666666666666,Lower Risk
15652981,0,0.16666666666666666,Lower Risk
15656865,0,0.16666666666666666,Lower Risk
15668235,0,0.16666666666666666,Lower Risk
15724423,0,0.16666666666666666,Lower Risk
15727361,0,0.16666666666666666,Lower Risk
15692819,0,0.16666666666666666,Lower Risk
15596303,1,0.16666666666666666,Lower Risk
15768124,0,0.16333333333333333,Lower Risk
15795895,0,0.16333333333333333,Lower Risk
15718852,0,0.16333333333333333,Lower Risk
15654379,0,0.16333333333333333,Lower Risk
15584114,0,0.16333333333333333,Lower Risk
15599301,0,0.16333333333333333,Lower Risk
15743976,0,0.16333333333333333,Lower Risk
15720338,0,0.16333333333333333,Lower Risk
15742607,0,0.16333333333333333,Lower Risk
15736578,0,0.16333333333333333,Lower Risk
15638751,0,0.16333333333333333,Lower Risk
15773512,0,0.16333333333333333,Lower Risk
15748552,0,0.16333333333333333,Lower Risk
15693322,0,0.16,Lower Risk
15742681,0,0.16,Lower Risk
15782569,0,0.16,Lower Risk
15583736,0,0.16,Lower Risk
15762331,0,0.16,Lower Risk
15648030,0,0.15666666666666668,Lower Risk
15583049,0,0.15666666666666668,Lower Risk
15616709,0,0.15666666666666668,Lower Risk
15807245,0,0.15666666666666668,Lower Risk
15569438,0,0.15666666666666668,Lower Risk
15654211,0,0.15666666666666668,Lower Risk
15778884,0,0.15666666666666668,Lower Risk
15579223,0,0.15666666666666668,Lower Risk
15698749,0,0.15666666666666668,Lower Risk
15777923,0,0.15666666666666668,Lower Risk
15602811,0,0.15666666666666668,Lower Risk
15590349,1,0.15666666666666668,Lower Risk
15675320,0,0.15333333333333332,Lower Risk
15635125,0,0.15333333333333332,Lower Risk
15771509,0,0.15333333333333332,Lower Risk
15623450,0,0.15333333333333332,Lower Risk
15787597,0,0.15333333333333332,Lower Risk
15599403,0,0.15333333333333332,Lower Risk
15618182,0,0.15333333333333332,Lower Risk
15673619,0,0.15333333333333332,Lower Risk
15736420,1,0.15333333333333332,Lower Risk
15665695,0,0.15333333333333332,Lower Risk
15714981,1,0.15333333333333332,Lower Risk
15661526,0,0.15333333333333332,Lower Risk
15590241,1,0.15333333333333332,Lower Risk
15726631,0,0.15333333333333332,Lower Risk
15793425,0,0.15333333333333332,Lower Risk
15572428,0,0.15333333333333332,Lower Risk
15719649,0,0.15333333333333332,Lower Risk
15694628,0,0.15333333333333332,Lower Risk
15629739,0,0.15333333333333332,Lower Risk
15685243,0,0.15,Lower Risk
15598046,0,0.15,Lower Risk
15755863,0,0.15,Lower Risk
15712319,0,0.15,Lower Risk
15570134,0,0.15,Lower Risk
15721835,0,0.15,Lower Risk
15574795,0,0.15,Lower Risk
15728043,0,0.15,Lower Risk
15690620,0,0.15,Lower Risk
15776096,0,0.15,Lower Risk
15621457,0,0.15,Lower Risk
15753969,0,0.15,Lower Risk
15619045,0,0.15,Lower Risk
15730579,0,0.15,Lower Risk
15782364,0,0.15,Lower Risk
15642655,0,0.14666666666666667,Lower Risk
15771087,0,0.14666666666666667,Lower Risk
15641662,0,0.14666666666666667,Lower Risk
15791006,0,0.14666666666666667,Lower Risk
15769522,0,0.14666666666666667,Lower Risk
15702806,0,0.14666666666666667,Lower Risk
15645511,1,0.14666666666666667,Lower Risk
15741417,0,0.14666666666666667,Lower Risk
15638513,0,0.14666666666666667,Lower Risk
15731760,0,0.14666666666666667,Lower Risk
15658675,0,0.14666666666666667,Lower Risk
15741180,0,0.14333333333333334,Lower Risk
15628008,0,0.14333333333333334,Lower Risk
15757895,0,0.14333333333333334,Lower Risk
15684198,0,0.14333333333333334,Lower Risk
15600708,0,0.14333333333333334,Lower Risk
15732943,1,0.14333333333333334,Lower Risk
15736990,0,0.14333333333333334,Lower Risk
15809999,0,0.14333333333333334,Lower Risk
15631339,0,0.14333333333333334,Lower Risk
15754267,0,0.14333333333333334,Lower Risk
15665521,0,0.14333333333333334,Lower Risk
15746594,0,0.14333333333333334,Lower Risk
15693382,0,0.14333333333333334,Lower Risk
15681887,0,0.14333333333333334,Lower Risk
15790204,1,0.14333333333333334,Lower Risk
15784286,0,0.14333333333333334,Lower Risk
15649239,0,0.14,Lower Risk
15690731,0,0.14,Lower Risk
15770345,0,0.14,Lower Risk
15755209,0,0.14,Lower Risk
15690678,0,0.14,Lower Risk
15644132,0,0.14,Lower Risk
15795747,0,0.14,Lower Risk
15775293,0,0.14,Lower Risk
15589019,0,0.14,Lower Risk
15664523,0,0.14,Lower Risk
15763218,0,0.14,Lower Risk
15685500,0,0.14,Lower Risk
15729412,0,0.14,Lower Risk
15801152,0,0.14,Lower Risk
15605926,0,0.14,Lower Risk
15773447,0,0.13666666666666666,Lower Risk
15738546,0,0.13666666666666666,Lower Risk
15769412,1,0.13666666666666666,Lower Risk
15672826,0,0.13666666666666666,Lower Risk
15602844,0,0.13666666666666666,Lower Risk
15789941,0,0.13666666666666666,Lower Risk
15745844,1,0.13666666666666666,Lower Risk
15798885,0,0.13666666666666666,Lower Risk
15730447,0,0.13666666666666666,Lower Risk
15647572,0,0.13666666666666666,Lower Risk
15699619,0,0.13666666666666666,Lower Risk
15776494,1,0.13666666666666666,Lower Risk
15711062,0,0.13666666666666666,Lower Risk
15699492,0,0.13666666666666666,Lower Risk
15631838,0,0.13333333333333333,Lower Risk
15718673,0,0.13333333333333333,Lower Risk
15680405,0,0.13333333333333333,Lower Risk
15593178,1,0.13333333333333333,Lower Risk
15617705,0,0.13333333333333333,Lower Risk
15638003,0,0.13333333333333333,Lower Risk
15781702,0,0.13333333333333333,Lower Risk
15698522,0,0.13333333333333333,Lower Risk
15722004,0,0.13333333333333333,Lower Risk
15745201,0,0.13333333333333333,Lower Risk
15742229,0,0.13333333333333333,Lower Risk
15641595,0,0.13333333333333333,Lower Risk
15807239,0,0.13333333333333333,Lower Risk
15672983,0,0.13333333333333333,Lower Risk
15686913,0,0.13,Lower Risk
15601263,0,0.13,Lower Risk
15680001,0,0.13,Lower Risk
15610147,0,0.13,Lower Risk
15584580,0,0.13,Lower Risk
15762937,0,0.13,Lower Risk
15584091,1,0.13,Lower Risk
15623357,0,0.13,Lower Risk
15674868,0,0.13,Lower Risk
15578546,0,0.13,Lower Risk
15694829,0,0.13,Lower Risk
15573798,0,0.13,Lower Risk
15609299,0,0.13,Lower Risk
15607040,0,0.13,Lower Risk
15735263,0,0.13,Lower Risk
15724145,0,0.13,Lower Risk
15695819,0,0.13,Lower Risk
15801062,0,0.13,Lower Risk
15589805,0,0.12666666666666668,Lower Risk
15615029,0,0.12666666666666668,Lower Risk
15716781,0,0.12666666666666668,Lower Risk
15801788,0,0.12666666666666668,Lower Risk
15633274,0,0.12666666666666668,Lower Risk
15808760,0,0.12666666666666668,Lower Risk
15629187,0,0.12666666666666668,Lower Risk
15787825,0,0.12666666666666668,Lower Risk
15600879,0,0.12666666666666668,Lower Risk
15710257,0,0.12666666666666668,Lower Risk
15811927,0,0.12666666666666668,Lower Risk
15766047,0,0.12666666666666668,Lower Risk
15572361,0,0.12666666666666668,Lower Risk
15654870,0,0.12333333333333334,Lower Risk
15653572,1,0.12333333333333334,Lower Risk
15614420,0,0.12333333333333334,Lower Risk
15807003,0,0.12333333333333334,Lower Risk
15621083,1,0.12333333333333334,Lower Risk
15596011,0,0.12333333333333334,Lower Risk
15579994,0,0.12333333333333334,Lower Risk
15792916,0,0.12333333333333334,Lower Risk
15611191,0,0.12333333333333334,Lower Risk
15624993,1,0.12333333333333334,Lower Risk
15792180,0,0.12333333333333334,Lower Risk
15790678,0,0.12333333333333334,Lower Risk
15607988,0,0.12333333333333334,Lower Risk
15641860,1,0.12333333333333334,Lower Risk
15756333,0,0.12333333333333334,Lower Risk
15794414,0,0.12,Lower Risk
15791326,0,0.12,Lower Risk
15654292,0,0.12,Lower Risk
15602909,0,0.12,Lower Risk
15717328,1,0.12,Lower Risk
15801395,0,0.12,Lower Risk
15683841,0,0.12,Lower Risk
15716324,0,0.12,Lower Risk
15567893,0,0.12,Lower Risk
15566633,0,0.12,Lower Risk
15568904,0,0.12,Lower Risk
15726354,0,0.12,Lower Risk
15718454,0,0.12,Lower Risk
15625713,0,0.12,Lower Risk
15637979,0,0.11666666666666667,Lower Risk
15634896,0,0.11666666666666667,Lower Risk
15627412,0,0.11666666666666667,Lower Risk
15579583,0,0.11666666666666667,Lower Risk
15758136,0,0.11666666666666667,Lower Risk
15632263,0,0.11666666666666667,Lower Risk
15689152,0,0.11666666666666667,Lower Risk
15581229,0,0.11666666666666667,Lower Risk
15699797,0,0.11666666666666667,Lower Risk
15673223,0,0.11666666666666667,Lower Risk
15771580,0,0.11666666666666667,Lower Risk
15765297,0,0.11666666666666667,Lower Risk
15735221,0,0.11666666666666667,Lower Risk
15815626,1,0.11666666666666667,Lower Risk
15705765,0,0.11666666666666667,Lower Risk
15612139,1,0.11333333333333333,Lower Risk
15625126,0,0.11333333333333333,Lower Risk
15601550,0,0.11333333333333333,Lower Risk
15720508,0,0.11333333333333333,Lower Risk
15640377,0,0.11333333333333333,Lower Risk
15621021,0,0.11333333333333333,Lower Risk
15621267,0,0.11333333333333333,Lower Risk
15778604,0,0.11333333333333333,Lower Risk
15782100,0,0.11333333333333333,Lower Risk
15733872,1,0.11333333333333333,Lower Risk
15697183,0,0.11333333333333333,Lower Risk
15781307,0,0.11333333333333333,Lower Risk
15613102,1,0.11333333333333333,Lower Risk
15721507,1,0.11333333333333333,Lower Risk
15640266,0,0.11333333333333333,Lower Risk
15609083,1,0.11333333333333333,Lower Risk
15731330,0,0.11333333333333333,Lower Risk
15624866,0,0.11333333333333333,Lower Risk
15659501,0,0.11,Lower Risk
15607176,0,0.11,Lower Risk
15728829,0,0.11,Lower Risk
15696054,0,0.11,Lower Risk
15605339,0,0.11,Lower Risk
15804610,0,0.11,Lower Risk
15621818,0,0.11,Lower Risk
15799815,0,0.11,Lower Risk
15568326,0,0.11,Lower Risk
15582246,0,0.11,Lower Risk
15815552,0,0.11,Lower Risk
15692002,0,0.11,Lower Risk
15695225,0,0.11,Lower Risk
15804919,1,0.11,Lower Risk
15746564,0,0.10666666666666667,Lower Risk
15798824,0,0.10666666666666667,Lower Risk
15788775,0,0.10666666666666667,Lower Risk
15750299,0,0.10666666666666667,Lower Risk
15675141,0,0.10666666666666667,Lower Risk
15716728,0,0.10666666666666667,Lower Risk
15808182,0,0.10666666666666667,Lower Risk
15712608,0,0.10666666666666667,Lower Risk
15761763,0,0.10666666666666667,Lower Risk
15799479,0,0.10666666666666667,Lower Risk
15774328,0,0.10666666666666667,Lower Risk
15697844,1,0.10666666666666667,Lower Risk
15615140,0,0.10666666666666667,Lower Risk
15594556,0,0.10333333333333333,Lower Risk
15701074,0,0.10333333333333333,Lower Risk
15601026,0,0.10333333333333333,Lower Risk
15758039,0,0.10333333333333333,Lower Risk
15723320,0,0.10333333333333333,Lower Risk
15652289,0,0.10333333333333333,Lower Risk
15810075,1,0.10333333333333333,Lower Risk
15627365,0,0.10333333333333333,Lower Risk
15739194,0,0.10333333333333333,Lower Risk
15774098,0,0.10333333333333333,Lower Risk
15664227,0,0.10333333333333333,Lower Risk
15762238,0,0.10333333333333333,Lower Risk
15710012,1,0.10333333333333333,Lower Risk
15576126,0,0.10333333333333333,Lower Risk
15592531,0,0.10333333333333333,Lower Risk
15587913,0,0.10333333333333333,Lower Risk
15645896,0,0.10333333333333333,Lower Risk
15770091,0,0.10333333333333333,Lower Risk
15631709,0,0.10333333333333333,Lower Risk
15628992,0,0.1,Lower Risk
15571476,0,0.1,Lower Risk
15794849,0,0.1,Lower Risk
15765982,1,0.1,Lower Risk
15712536,1,0.1,Lower Risk
15792668,1,0.1,Lower Risk
15568963,1,0.1,Lower Risk
15785920,0,0.1,Lower Risk
15794868,0,0.1,Lower Risk
15571873,0,0.1,Lower Risk
15815615,0,0.1,Lower Risk
15566380,0,0.1,Lower Risk
15755648,0,0.09666666666666666,Lower Risk
15575619,0,0.09666666666666666,Lower Risk
15767231,0,0.09666666666666666,Lower Risk
15750602,0,0.09666666666666666,Lower Risk
15672912,1,0.09666666666666666,Lower Risk
15625944,0,0.09666666666666666,Lower Risk
15723064,0,0.09666666666666666,Lower Risk
15589969,0,0.09666666666666666,Lower Risk
15625740,0,0.09666666666666666,Lower Risk
15795640,0,0.09666666666666666,Lower Risk
15659364,0,0.09666666666666666,Lower Risk
15617518,0,0.09666666666666666,Lower Risk
15768201,0,0.09666666666666666,Lower Risk
15613140,0,0.09666666666666666,Lower Risk
15725036,0,0.09666666666666666,Lower Risk
15727915,0,0.09666666666666666,Lower Risk
15813422,0,0.09666666666666666,Lower Risk
15584545,0,0.09666666666666666,Lower Risk
15781589,0,0.09333333333333334,Lower Risk
15662488,1,0.09333333333333334,Lower Risk
15792107,0,0.09333333333333334,Lower Risk
15688085,0,0.09333333333333334,Lower Risk
15765461,0,0.09333333333333334,Lower Risk
15644699,0,0.09333333333333334,Lower Risk
15768120,0,0.09333333333333334,Lower Risk
15682528,0,0.09333333333333334,Lower Risk
15775750,0,0.09333333333333334,Lower Risk
15654531,1,0.09333333333333334,Lower Risk
15711977,0,0.09333333333333334,Lower Risk
15587562,0,0.09333333333333334,Lower Risk
15792329,0,0.09333333333333334,Lower Risk
15803479,0,0.09333333333333334,Lower Risk
15803976,0,0.09333333333333334,Lower Risk
15795571,0,0.09333333333333334,Lower Risk
15576077,0,0.09333333333333334,Lower Risk
15782875,0,0.09333333333333334,Lower Risk
15766906,0,0.09333333333333334,Lower Risk
15728474,0,0.09333333333333334,Lower Risk
15587394,0,0.09333333333333334,Lower Risk
15758856,0,0.09,Lower Risk
15749328,1,0.09,Lower Risk
15566543,0,0.09,Lower Risk
15601045,0,0.09,Lower Risk
15631756,0,0.09,Lower Risk
15679587,0,0.09,Lower Risk
15731890,0,0.09,Lower Risk
15661330,0,0.09,Lower Risk
15619529,0,0.09,Lower Risk
15685309,1,0.09,Lower Risk
15734999,0,0.09,Lower Risk
15750803,0,0.09,Lower Risk
15775082,0,0.09,Lower Risk
15743193,1,0.09,Lower Risk
15616525,0,0.09,Lower Risk
15700813,0,0.09,Lower Risk
15702789,0,0.09,Lower Risk
15618695,0,0.09,Lower Risk
15722322,0,0.09,Lower Risk
15635078,0,0.09,Lower Risk
15807961,0,0.09,Lower Risk
15633586,0,0.08666666666666667,Lower Risk
15720354,0,0.08666666666666667,Lower Risk
15599829,0,0.08666666666666667,Lower Risk
15652658,0,0.08666666666666667,Lower Risk
15779738,0,0.08666666666666667,Lower Risk
15659656,0,0.08666666666666667,Lower Risk
15701164,0,0.08666666666666667,Lower Risk
15605804,0,0.08666666666666667,Lower Risk
15660263,0,0.08666666666666667,Lower Risk
15734714,0,0.08666666666666667,Lower Risk
15659949,0,0.08666666666666667,Lower Risk
15650545,0,0.08666666666666667,Lower Risk
15671334,0,0.08666666666666667,Lower Risk
15665088,0,0.08666666666666667,Lower Risk
15626044,0,0.08666666666666667,Lower Risk
15617252,0,0.08666666666666667,Lower Risk
15789379,0,0.08666666666666667,Lower Risk
15758510,0,0.08666666666666667,Lower Risk
15744622,0,0.08666666666666667,Lower Risk
15750049,0,0.08666666666666667,Lower Risk
15782608,1,0.08666666666666667,Lower Risk
15658360,0,0.08666666666666667,Lower Risk
15578878,0,0.08666666666666667,Lower Risk
15656901,0,0.08666666666666667,Lower Risk
15791674,1,0.08333333333333333,Lower Risk
15585222,0,0.08333333333333333,Lower Risk
15763579,0,0.08333333333333333,Lower Risk
15734626,0,0.08333333333333333,Lower Risk
15677317,1,0.08333333333333333,Lower Risk
15618225,0,0.08333333333333333,Lower Risk
15641009,0,0.08333333333333333,Lower Risk
15582149,0,0.08333333333333333,Lower Risk
15627517,0,0.08333333333333333,Lower Risk
15733904,0,0.08333333333333333,Lower Risk
15704657,1,0.08333333333333333,Lower Risk
15586870,0,0.08333333333333333,Lower Risk
15684440,0,0.08333333333333333,Lower Risk
15596800,1,0.08333333333333333,Lower Risk
15665327,0,0.08333333333333333,Lower Risk
15629575,1,0.08333333333333333,Lower Risk
15719793,0,0.08333333333333333,Lower Risk
15567897,0,0.08333333333333333,Lower Risk
15748327,0,0.08333333333333333,Lower Risk
15594815,0,0.08333333333333333,Lower Risk
15609545,0,0.08333333333333333,Lower Risk
15665064,0,0.08333333333333333,Lower Risk
15598892,0,0.08,Lower Risk
15627848,0,0.08,Lower Risk
15786249,0,0.08,Lower Risk
15703763,0,0.08,Lower Risk
15663312,0,0.08,Lower Risk
15801915,0,0.08,Lower Risk
15699430,0,0.08,Lower Risk
15665177,0,0.08,Lower Risk
15578006,0,0.08,Lower Risk
15611644,0,0.08,Lower Risk
15581871,0,0.08,Lower Risk
15801256,0,0.08,Lower Risk
15637178,0,0.08,Lower Risk
15595917,0,0.07666666666666666,Lower Risk
15566295,0,0.07666666666666666,Lower Risk
15650098,0,0.07666666666666666,Lower Risk
15683930,1,0.07666666666666666,Lower Risk
15671387,0,0.07666666666666666,Lower Risk
15711521,0,0.07666666666666666,Lower Risk
15572093,0,0.07666666666666666,Lower Risk
15810660,0,0.07666666666666666,Lower Risk
15752097,0,0.07666666666666666,Lower Risk
15574115,0,0.07666666666666666,Lower Risk
15812720,0,0.07666666666666666,Lower Risk
15570051,0,0.07666666666666666,Lower Risk
15808223,0,0.07666666666666666,Lower Risk
15693683,0,0.07666666666666666,Lower Risk
15797822,0,0.07666666666666666,Lower Risk
15658956,0,0.07666666666666666,Lower Risk
15766064,0,0.07666666666666666,Lower Risk
15762134,0,0.07666666666666666,Lower Risk
15687738,0,0.07333333333333333,Lower Risk
15678058,0,0.07333333333333333,Lower Risk
15806447,0,0.07333333333333333,Lower Risk
15701946,0,0.07333333333333333,Lower Risk
15664083,0,0.07333333333333333,Lower Risk
15595067,0,0.07333333333333333,Lower Risk
15616088,0,0.07333333333333333,Lower Risk
15596984,1,0.07333333333333333,Lower Risk
15584338,0,0.07333333333333333,Lower Risk
15700046,0,0.07333333333333333,Lower Risk
15803378,0,0.07333333333333333,Lower Risk
15752953,0,0.07333333333333333,Lower Risk
15730810,0,0.07333333333333333,Lower Risk
15648069,0,0.07333333333333333,Lower Risk
15580462,0,0.07333333333333333,Lower Risk
15571284,0,0.07333333333333333,Lower Risk
15685872,0,0.07333333333333333,Lower Risk
15585388,0,0.07333333333333333,Lower Risk
15734886,0,0.07333333333333333,Lower Risk
15675675,0,0.07333333333333333,Lower Risk
15782418,1,0.07333333333333333,Lower Risk
15788539,0,0.07333333333333333,Lower Risk
15729956,0,0.07333333333333333,Lower Risk
15573112,0,0.07333333333333333,Lower Risk
15655339,0,0.07333333333333333,Lower Risk
15662908,0,0.07333333333333333,Lower Risk
15600688,0,0.07333333333333333,Lower Risk
15566563,1,0.07333333333333333,Lower Risk
15661249,0,0.07333333333333333,Lower Risk
15626882,0,0.07333333333333333,Lower Risk
15602979,0,0.07333333333333333,Lower Risk
15703117,0,0.07333333333333333,Lower Risk
15658693,0,0.07,Lower Risk
15781495,0,0.07,Lower Risk
15669342,0,0.07,Lower Risk
15773260,0,0.07,Lower Risk
15579189,0,0.07,Lower Risk
15649112,0,0.07,Lower Risk
15613180,0,0.07,Lower Risk
15782591,0,0.07,Lower Risk
15684722,0,0.07,Lower Risk
15638269,0,0.07,Lower Risk
15794792,0,0.07,Lower Risk
15633419,0,0.07,Lower Risk
15740494,0,0.07,Lower Risk
15688563,0,0.07,Lower Risk
15571281,0,0.07,Lower Risk
15692583,0,0.07,Lower Risk
15700424,0,0.07,Lower Risk
15661433,0,0.07,Lower Risk
15612627,0,0.06666666666666667,Lower Risk
15727311,0,0.06666666666666667,Lower Risk
15583394,0,0.06666666666666667,Lower Risk
15756425,0,0.06666666666666667,Lower Risk
15781574,0,0.06666666666666667,Lower Risk
15776211,0,0.06666666666666667,Lower Risk
15581551,0,0.06666666666666667,Lower Risk
15651020,0,0.06666666666666667,Lower Risk
15706021,0,0.06666666666666667,Lower Risk
15639368,0,0.06666666666666667,Lower Risk
15779059,0,0.06666666666666667,Lower Risk
15675422,0,0.06666666666666667,Lower Risk
15715715,0,0.06666666666666667,Lower Risk
15612193,0,0.06666666666666667,Lower Risk
15740846,0,0.06666666666666667,Lower Risk
15690153,0,0.06666666666666667,Lower Risk
15700511,0,0.06666666666666667,Lower Risk
15697034,0,0.06333333333333334,Lower Risk
15807340,0,0.06333333333333334,Lower Risk
15634949,0,0.06333333333333334,Lower Risk
15685357,0,0.06333333333333334,Lower Risk
15657228,0,0.06333333333333334,Lower Risk
15708236,0,0.06333333333333334,Lower Risk
15684934,0,0.06333333333333334,Lower Risk
15566111,0,0.06333333333333334,Lower Risk
15605284,0,0.06333333333333334,Lower Risk
15766649,0,0.06333333333333334,Lower Risk
15780654,0,0.06333333333333334,Lower Risk
15626012,0,0.06333333333333334,Lower Risk
15744398,0,0.06333333333333334,Lower Risk
15575060,0,0.06333333333333334,Lower Risk
15627859,0,0.06333333333333334,Lower Risk
15652999,0,0.06333333333333334,Lower Risk
15779207,0,0.06333333333333334,Lower Risk
15684995,0,0.06333333333333334,Lower Risk
15650244,0,0.06333333333333334,Lower Risk
15789714,0,0.06333333333333334,Lower Risk
15677112,0,0.06333333333333334,Lower Risk
15680855,0,0.06333333333333334,Lower Risk
15615931,0,0.06333333333333334,Lower Risk
15578435,0,0.06333333333333334,Lower Risk
15716347,0,0.06333333333333334,Lower Risk
15572626,0,0.06333333333333334,Lower Risk
15709737,0,0.06,Lower Risk
15599792,0,0.06,Lower Risk
15716276,0,0.06,Lower Risk
15677217,0,0.06,Lower Risk
15624424,0,0.06,Lower Risk
15607786,0,0.06,Lower Risk
15643752,0,0.06,Lower Risk
15704629,0,0.06,Lower Risk
15792660,0,0.06,Lower Risk
15806332,0,0.06,Lower Risk
15712303,0,0.06,Lower Risk
15667971,0,0.06,Lower Risk
15715888,0,0.06,Lower Risk
15617476,0,0.06,Lower Risk
15619116,0,0.06,Lower Risk
15699963,0,0.06,Lower Risk
15714689,0,0.06,Lower Risk
15572728,0,0.06,Lower Risk
15753362,0,0.06,Lower Risk
15696506,0,0.06,Lower Risk
15678910,0,0.06,Lower Risk
15582492,0,0.06,Lower Risk
15800366,0,0.06,Lower Risk
15601627,0,0.06,Lower Risk
15747960,0,0.06,Lower Risk
15617603,0,0.056666666666666664,Lower Risk
15795933,0,0.056666666666666664,Lower Risk
15692744,1,0.056666666666666664,Lower Risk
15733842,0,0.056666666666666664,Lower Risk
15691483,0,0.056666666666666664,Lower Risk
15639576,0,0.056666666666666664,Lower Risk
15749540,0,0.056666666666666664,Lower Risk
15734005,0,0.056666666666666664,Lower Risk
15614215,0,0.056666666666666664,Lower Risk
15656707,0,0.056666666666666664,Lower Risk
15768219,0,0.056666666666666664,Lower Risk
15715160,0,0.056666666666666664,Lower Risk
15712483,1,0.056666666666666664,Lower Risk
15671514,0,0.056666666666666664,Lower Risk
15594576,0,0.056666666666666664,Lower Risk
15754649,0,0.056666666666666664,Lower Risk
15588535,0,0.056666666666666664,Lower Risk
15719579,0,0.056666666666666664,Lower Risk
15690332,0,0.056666666666666664,Lower Risk
15659366,1,0.056666666666666664,Lower Risk
15576044,0,0.056666666666666664,Lower Risk
15757661,0,0.056666666666666664,Lower Risk
15689176,0,0.056666666666666664,Lower Risk
15715796,0,0.056666666666666664,Lower Risk
15632899,0,0.056666666666666664,Lower Risk
15654222,0,0.056666666666666664,Lower Risk
15607178,0,0.056666666666666664,Lower Risk
15761132,0,0.056666666666666664,Lower Risk
15679983,0,0.056666666666666664,Lower Risk
15799128,0,0.056666666666666664,Lower Risk
15761525,0,0.05333333333333334,Lower Risk
15679075,0,0.05333333333333334,Lower Risk
15775108,0,0.05333333333333334,Lower Risk
15809906,0,0.05333333333333334,Lower Risk
15660211,0,0.05333333333333334,Lower Risk
15690733,1,0.05333333333333334,Lower Risk
15735025,0,0.05333333333333334,Lower Risk
15757628,0,0.05333333333333334,Lower Risk
15786078,0,0.05333333333333334,Lower Risk
15624471,0,0.05333333333333334,Lower Risk
15714680,0,0.05333333333333334,Lower Risk
15660385,0,0.05333333333333334,Lower Risk
15790683,0,0.05333333333333334,Lower Risk
15643378,0,0.05333333333333334,Lower Risk
15591552,0,0.05333333333333334,Lower Risk
15771856,0,0.05333333333333334,Lower Risk
15710456,0,0.05333333333333334,Lower Risk
15647295,0,0.05333333333333334,Lower Risk
15609637,0,0.05333333333333334,Lower Risk
15626898,0,0.05333333333333334,Lower Risk
15624781,0,0.05333333333333334,Lower Risk
15645269,0,0.05333333333333334,Lower Risk
15813144,0,0.05333333333333334,Lower Risk
15729083,0,0.05333333333333334,Lower Risk
15743673,1,0.05333333333333334,Lower Risk
15626474,0,0.05333333333333334,Lower Risk
15668081,0,0.05333333333333334,Lower Risk
15623566,0,0.05,Lower Risk
15812750,0,0.05,Lower Risk
15761886,0,0.05,Lower Risk
15757541,1,0.05,Lower Risk
15674000,0,0.05,Lower Risk
15724099,0,0.05,Lower Risk
15637366,0,0.05,Lower Risk
15814033,0,0.05,Lower Risk
15646374,0,0.05,Lower Risk
15679743,0,0.05,Lower Risk
15706463,0,0.05,Lower Risk
15796114,0,0.05,Lower Risk
15694395,0,0.05,Lower Risk
15761477,0,0.05,Lower Risk
15793813,0,0.05,Lower Risk
15705899,0,0.05,Lower Risk
15744041,0,0.05,Lower Risk
15606755,1,0.05,Lower Risk
15687171,0,0.05,Lower Risk
15645029,0,0.05,Lower Risk
15802351,0,0.05,Lower Risk
15800412,0,0.05,Lower Risk
15793366,0,0.05,Lower Risk
15709511,0,0.05,Lower Risk
15791501,0,0.05,Lower Risk
15753591,0,0.05,Lower Risk
15566467,0,0.05,Lower Risk
15809838,0,0.05,Lower Risk
15600997,0,0.05,Lower Risk
15767626,0,0.05,Lower Risk
15653715,0,0.05,Lower Risk
15799710,0,0.05,Lower Risk
15707505,0,0.05,Lower Risk
15725039,0,0.04666666666666667,Lower Risk
15711352,0,0.04666666666666667,Lower Risk
15696826,0,0.04666666666666667,Lower Risk
15633612,0,0.04666666666666667,Lower Risk
15699047,0,0.04666666666666667,Lower Risk
15796480,0,0.04666666666666667,Lower Risk
15811589,0,0.04666666666666667,Lower Risk
15663885,0,0.04666666666666667,Lower Risk
15636105,0,0.04666666666666667,Lower Risk
15586914,0,0.04666666666666667,Lower Risk
15692235,0,0.04666666666666667,Lower Risk
15626507,0,0.04666666666666667,Lower Risk
15790379,0,0.04666666666666667,Lower Risk
15649858,0,0.04666666666666667,Lower Risk
15762543,0,0.04666666666666667,Lower Risk
15692430,0,0.04666666666666667,Lower Risk
15720123,0,0.04666666666666667,Lower Risk
15646942,0,0.04666666666666667,Lower Risk
15777614,0,0.04666666666666667,Lower Risk
15572792,0,0.04666666666666667,Lower Risk
15777893,0,0.04666666666666667,Lower Risk
15657779,0,0.04666666666666667,Lower Risk
15572174,0,0.04666666666666667,Lower Risk
15700325,0,0.04666666666666667,Lower Risk
15765952,0,0.04666666666666667,Lower Risk
15591509,0,0.04666666666666667,Lower Risk
15724127,0,0.04666666666666667,Lower Risk
15594864,0,0.04666666666666667,Lower Risk
15679991,0,0.04666666666666667,Lower Risk
15782121,0,0.04666666666666667,Lower Risk
15667216,0,0.04666666666666667,Lower Risk
15684103,0,0.04666666666666667,Lower Risk
15724876,0,0.04666666666666667,Lower Risk
15762110,0,0.04666666666666667,Lower Risk
15660688,0,0.04666666666666667,Lower Risk
15589348,0,0.04666666666666667,Lower Risk
15630413,0,0.04666666666666667,Lower Risk
15567246,0,0.04666666666666667,Lower Risk
15569678,0,0.04666666666666667,Lower Risk
15794472,0,0.04666666666666667,Lower Risk
15664734,0,0.04666666666666667,Lower Risk
15567335,0,0.04666666666666667,Lower Risk
15775153,0,0.043333333333333335,Lower Risk
15692132,0,0.043333333333333335,Lower Risk
15704795,0,0.043333333333333335,Lower Risk
15758372,1,0.043333333333333335,Lower Risk
15720110,0,0.043333333333333335,Lower Risk
15707132,0,0.043333333333333335,Lower Risk
15704483,0,0.043333333333333335,Lower Risk
15715769,0,0.043333333333333335,Lower Risk
15759298,0,0.043333333333333335,Lower Risk
15631512,0,0.043333333333333335,Lower Risk
15640667,0,0.043333333333333335,Lower Risk
15661656,0,0.043333333333333335,Lower Risk
15622182,0,0.043333333333333335,Lower Risk
15722404,0,0.043333333333333335,Lower Risk
15576304,0,0.043333333333333335,Lower Risk
15659475,0,0.043333333333333335,Lower Risk
15693233,0,0.043333333333333335,Lower Risk
15736302,0,0.043333333333333335,Lower Risk
15796071,0,0.043333333333333335,Lower Risk
15778915,0,0.043333333333333335,Lower Risk
15794874,0,0.043333333333333335,Lower Risk
15623730,0,0.043333333333333335,Lower Risk
15801863,0,0.043333333333333335,Lower Risk
15730137,0,0.043333333333333335,Lower Risk
15786739,0,0.043333333333333335,Lower Risk
15656717,0,0.043333333333333335,Lower Risk
15801293,0,0.043333333333333335,Lower Risk
15805463,0,0.04,Lower Risk
15674833,0,0.04,Lower Risk
15644796,1,0.04,Lower Risk
15622518,1,0.04,Lower Risk
15807473,0,0.04,Lower Risk
15742480,0,0.04,Lower Risk
15807457,0,0.04,Lower Risk
15767891,0,0.04,Lower Risk
15700383,0,0.04,Lower Risk
15801699,0,0.04,Lower Risk
15724663,0,0.04,Lower Risk
15592389,0,0.04,Lower Risk
15598493,0,0.04,Lower Risk
15666252,0,0.04,Lower Risk
15705620,0,0.04,Lower Risk
15714567,0,0.04,Lower Risk
15764293,0,0.04,Lower Risk
15687218,0,0.04,Lower Risk
15732610,0,0.04,Lower Risk
15730448,0,0.04,Lower Risk
15653620,0,0.04,Lower Risk
15627251,0,0.04,Lower Risk
15804950,0,0.04,Lower Risk
15732774,0,0.04,Lower Risk
15666181,0,0.04,Lower Risk
15617934,0,0.04,Lower Risk
15625675,0,0.04,Lower Risk
15709523,0,0.04,Lower Risk
15800845,0,0.04,Lower Risk
15694209,0,0.04,Lower Risk
15696047,0,0.04,Lower Risk
15668009,0,0.04,Lower Risk
15774536,0,0.04,Lower Risk
15570908,0,0.04,Lower Risk
15787151,0,0.04,Lower Risk
15716518,0,0.04,Lower Risk
15599272,0,0.04,Lower Risk
15649430,0,0.04,Lower Risk
15754605,0,0.04,Lower Risk
15747014,0,0.04,Lower Risk
15812470,0,0.03666666666666667,Lower Risk
15762855,0,0.03666666666666667,Lower Risk
15743582,0,0.03666666666666667,Lower Risk
15654067,0,0.03666666666666667,Lower Risk
15764409,0,0.03666666666666667,Lower Risk
15718588,0,0.03666666666666667,Lower Risk
15738411,0,0.03666666666666667,Lower Risk
15722758,0,0.03666666666666667,Lower Risk
15579892,0,0.03666666666666667,Lower Risk
15657085,0,0.03666666666666667,Lower Risk
15762392,0,0.03666666666666667,Lower Risk
15728564,1,0.03666666666666667,Lower Risk
15598275,0,0.03666666666666667,Lower Risk
15773456,0,0.03666666666666667,Lower Risk
15756056,0,0.03666666666666667,Lower Risk
15697127,0,0.03666666666666667,Lower Risk
15733476,0,0.03666666666666667,Lower Risk
15681758,0,0.03666666666666667,Lower Risk
15685300,0,0.03666666666666667,Lower Risk
15654074,0,0.03666666666666667,Lower Risk
15678626,0,0.03666666666666667,Lower Risk
15761854,0,0.03666666666666667,Lower Risk
15720083,0,0.03666666666666667,Lower Risk
15759284,1,0.03666666666666667,Lower Risk
15581332,0,0.03666666666666667,Lower Risk
15611599,0,0.03666666666666667,Lower Risk
15753549,1,0.03666666666666667,Lower Risk
15683375,0,0.03666666666666667,Lower Risk
15678572,1,0.03666666666666667,Lower Risk
15810454,0,0.03666666666666667,Lower Risk
15769781,0,0.03666666666666667,Lower Risk
15649423,0,0.03333333333333333,Lower Risk
15674573,0,0.03333333333333333,Lower Risk
15703292,0,0.03333333333333333,Lower Risk
15752838,0,0.03333333333333333,Lower Risk
15648858,0,0.03333333333333333,Lower Risk
15685536,0,0.03333333333333333,Lower Risk
15621685,0,0.03333333333333333,Lower Risk
15568469,0,0.03333333333333333,Lower Risk
15592761,0,0.03333333333333333,Lower Risk
15626233,0,0.03333333333333333,Lower Risk
15574305,0,0.03333333333333333,Lower Risk
15600792,0,0.03333333333333333,Lower Risk
15581968,0,0.03333333333333333,Lower Risk
15808780,0,0.03333333333333333,Lower Risk
15777904,0,0.03333333333333333,Lower Risk
15603481,0,0.03333333333333333,Lower Risk
15625881,0,0.03333333333333333,Lower Risk
15802758,1,0.03333333333333333,Lower Risk
15606436,0,0.03333333333333333,Lower Risk
15584785,0,0.03333333333333333,Lower Risk
15679642,0,0.03333333333333333,Lower Risk
15715667,0,0.03333333333333333,Lower Risk
15589437,0,0.03333333333333333,Lower Risk
15778157,0,0.03333333333333333,Lower Risk
15726310,0,0.03333333333333333,Lower Risk
15793343,0,0.03333333333333333,Lower Risk
15702464,0,0.03333333333333333,Lower Risk
15692408,0,0.03333333333333333,Lower Risk
15729836,0,0.03333333333333333,Lower Risk
15763874,0,0.03333333333333333,Lower Risk
15735549,0,0.03333333333333333,Lower Risk
15768295,0,0.03333333333333333,Lower Risk
15665110,0,0.03,Lower Risk
15761340,0,0.03,Lower Risk
15670866,0,0.03,Lower Risk
15659305,0,0.03,Lower Risk
15603323,0,0.03,Lower Risk
15588928,0,0.03,Lower Risk
15574584,0,0.03,Lower Risk
15750056,0,0.03,Lower Risk
15776051,0,0.03,Lower Risk
15720745,0,0.03,Lower Risk
15758639,0,0.03,Lower Risk
15632256,0,0.03,Lower Risk
15572801,0,0.03,Lower Risk
15703399,0,0.03,Lower Risk
15795878,0,0.03,Lower Risk
15767598,0,0.03,Lower Risk
15574886,0,0.03,Lower Risk
15731148,1,0.03,Lower Risk
15724691,0,0.03,Lower Risk
15788659,0,0.03,Lower Risk
15809847,0,0.03,Lower Risk
15594915,0,0.03,Lower Risk
15700965,0,0.03,Lower Risk
15719779,0,0.03,Lower Risk
15590320,0,0.03,Lower Risk
15591344,0,0.03,Lower Risk
15567991,0,0.03,Lower Risk
15591360,0,0.03,Lower Risk
15623695,0,0.03,Lower Risk
15692317,0,0.03,Lower Risk
15660535,0,0.03,Lower Risk
15798666,0,0.03,Lower Risk
15639322,0,0.03,Lower Risk
15813681,0,0.03,Lower Risk
15798850,0,0.02666666666666667,Lower Risk
15707110,0,0.02666666666666667,Lower Risk
15599660,0,0.02666666666666667,Lower Risk
15566594,0,0.02666666666666667,Lower Risk
15604732,0,0.02666666666666667,Lower Risk
15734311,0,0.02666666666666667,Lower Risk
15795079,0,0.02666666666666667,Lower Risk
15603170,1,0.02666666666666667,Lower Risk
15793247,0,0.02666666666666667,Lower Risk
15591179,0,0.02666666666666667,Lower Risk
15626141,0,0.02666666666666667,Lower Risk
15633064,0,0.02666666666666667,Lower Risk
15632345,0,0.02666666666666667,Lower Risk
15727857,0,0.02666666666666667,Lower Risk
15664214,0,0.02666666666666667,Lower Risk
15668958,0,0.02666666666666667,Lower Risk
15572390,0,0.02666666666666667,Lower Risk
15609458,0,0.02666666666666667,Lower Risk
15639049,0,0.02666666666666667,Lower Risk
15600781,0,0.02666666666666667,Lower Risk
15694805,0,0.02666666666666667,Lower Risk
15707242,0,0.02666666666666667,Lower Risk
15791767,0,0.02666666666666667,Lower Risk
15753874,0,0.02666666666666667,Lower Risk
15756975,0,0.02666666666666667,Lower Risk
15572735,0,0.02666666666666667,Lower Risk
15723028,0,0.02666666666666667,Lower Risk
15597945,0,0.02666666666666667,Lower Risk
15737310,0,0.02666666666666667,Lower Risk
15671172,0,0.02666666666666667,Lower Risk
15670343,0,0.02666666666666667,Lower Risk
15704315,0,0.02666666666666667,Lower Risk
15633108,0,0.02666666666666667,Lower Risk
15762332,0,0.02666666666666667,Lower Risk
15703482,0,0.02666666666666667,Lower Risk
15749807,0,0.02666666666666667,Lower Risk
15583033,0,0.02666666666666667,Lower Risk
15616168,0,0.02666666666666667,Lower Risk
15609176,0,0.02666666666666667,Lower Risk
15668679,0,0.02666666666666667,Lower Risk
15798084,0,0.02666666666666667,Lower Risk
15778752,0,0.02666666666666667,Lower Risk
15782231,0,0.023333333333333334,Lower Risk
15734161,0,0.023333333333333334,Lower Risk
15767864,0,0.023333333333333334,Lower Risk
15677184,0,0.023333333333333334,Lower Risk
15717935,0,0.023333333333333334,Lower Risk
15697283,0,0.023333333333333334,Lower Risk
15642099,0,0.023333333333333334,Lower Risk
15733032,0,0.023333333333333334,Lower Risk
15585280,0,0.023333333333333334,Lower Risk
15579969,0,0.023333333333333334,Lower Risk
15814940,0,0.023333333333333334,Lower Risk
15767594,0,0.023333333333333334,Lower Risk
15615670,0,0.023333333333333334,Lower Risk
15693543,0,0.023333333333333334,Lower Risk
15801351,0,0.023333333333333334,Lower Risk
15800805,0,0.023333333333333334,Lower Risk
15733111,0,0.023333333333333334,Lower Risk
15600258,0,0.023333333333333334,Lower Risk
15781987,0,0.023333333333333334,Lower Risk
15753213,0,0.023333333333333334,Lower Risk
15635097,0,0.023333333333333334,Lower Risk
15805151,0,0.023333333333333334,Lower Risk
15671148,0,0.023333333333333334,Lower Risk
15702566,0,0.023333333333333334,Lower Risk
15741728,0,0.023333333333333334,Lower Risk
15755138,0,0.023333333333333334,Lower Risk
15748995,0,0.023333333333333334,Lower Risk
15677377,0,0.023333333333333334,Lower Risk
15717700,0,0.023333333333333334,Lower Risk
15724834,0,0.023333333333333334,Lower Risk
15646161,0,0.023333333333333334,Lower Risk
15623062,0,0.023333333333333334,Lower Risk
15574206,0,0.023333333333333334,Lower Risk
15700696,0,0.023333333333333334,Lower Risk
15581479,0,0.023333333333333334,Lower Risk
15809585,0,0.023333333333333334,Lower Risk
15696812,0,0.023333333333333334,Lower Risk
15575119,1,0.023333333333333334,Lower Risk
15629787,0,0.023333333333333334,Lower Risk
15764405,0,0.023333333333333334,Lower Risk
15619537,0,0.023333333333333334,Lower Risk
15737080,0,0.023333333333333334,Lower Risk
15790412,0,0.02,Lower Risk
15603378,0,0.02,Lower Risk
15813590,1,0.02,Lower Risk
15748595,0,0.02,Lower Risk
15585867,0,0.02,Lower Risk
15659325,0,0.02,Lower Risk
15589323,0,0.02,Lower Risk
15745001,0,0.02,Lower Risk
15769402,0,0.02,Lower Risk
15723153,0,0.02,Lower Risk
15714380,0,0.02,Lower Risk
15707114,0,0.02,Lower Risk
15648032,0,0.02,Lower Risk
15689661,0,0.02,Lower Risk
15570004,0,0.02,Lower Risk
15681509,0,0.02,Lower Risk
15759872,0,0.02,Lower Risk
15627741,0,0.02,Lower Risk
15797665,0,0.02,Lower Risk
15723013,0,0.02,Lower Risk
15804822,0,0.02,Lower Risk
15592570,0,0.02,Lower Risk
15794413,0,0.02,Lower Risk
15645517,0,0.02,Lower Risk
15709412,0,0.02,Lower Risk
15737169,0,0.02,Lower Risk
15572374,0,0.02,Lower Risk
15800228,0,0.02,Lower Risk
15678571,0,0.02,Lower Risk
15637644,0,0.02,Lower Risk
15702293,0,0.02,Lower Risk
15765902,0,0.02,Lower Risk
15574947,0,0.02,Lower Risk
15632143,0,0.02,Lower Risk
15734628,0,0.02,Lower Risk
15706899,0,0.02,Lower Risk
15723481,0,0.02,Lower Risk
15639217,0,0.02,Lower Risk
15713378,0,0.02,Lower Risk
15635531,0,0.02,Lower Risk
15626452,0,0.016666666666666666,Lower Risk
15682757,0,0.016666666666666666,Lower Risk
15599268,0,0.016666666666666666,Lower Risk
15734312,0,0.016666666666666666,Lower Risk
15809509,0,0.016666666666666666,Lower Risk
15682489,0,0.016666666666666666,Lower Risk
15694125,0,0.016666666666666666,Lower Risk
15596624,0,0.016666666666666666,Lower Risk
15739438,0,0.016666666666666666,Lower Risk
15595557,0,0.016666666666666666,Lower Risk
15793803,0,0.016666666666666666,Lower Risk
15713094,0,0.016666666666666666,Lower Risk
15700937,0,0.016666666666666666,Lower Risk
15608230,0,0.016666666666666666,Lower Risk
15789815,0,0.016666666666666666,Lower Risk
15613734,0,0.016666666666666666,Lower Risk
15628308,0,0.016666666666666666,Lower Risk
15777436,0,0.016666666666666666,Lower Risk
15664737,0,0.016666666666666666,Lower Risk
15593683,0,0.016666666666666666,Lower Risk
15638871,0,0.016666666666666666,Lower Risk
15637829,0,0.016666666666666666,Lower Risk
15733119,0,0.016666666666666666,Lower Risk
15670496,0,0.016666666666666666,Lower Risk
15778089,0,0.016666666666666666,Lower Risk
15777826,0,0.016666666666666666,Lower Risk
15743760,0,0.016666666666666666,Lower Risk
15607713,0,0.016666666666666666,Lower Risk
15572956,0,0.016666666666666666,Lower Risk
15667632,0,0.016666666666666666,Lower Risk
15636478,0,0.016666666666666666,Lower Risk
15704081,0,0.016666666666666666,Lower Risk
15610042,0,0.016666666666666666,Lower Risk
15786167,0,0.016666666666666666,Lower Risk
15644212,0,0.016666666666666666,Lower Risk
15578788,0,0.016666666666666666,Lower Risk
15783541,0,0.016666666666666666,Lower Risk
15685109,0,0.013333333333333334,Lower Risk
15631162,0,0.013333333333333334,Lower Risk
15580068,0,0.013333333333333334,Lower Risk
15789548,0,0.013333333333333334,Lower Risk
15714493,0,0.013333333333333334,Lower Risk
15569503,0,0.013333333333333334,Lower Risk
15711750,0,0.013333333333333334,Lower Risk
15780770,0,0.013333333333333334,Lower Risk
15576162,0,0.013333333333333334,Lower Risk
15631813,0,0.013333333333333334,Lower Risk
15759805,0,0.013333333333333334,Lower Risk
15653315,0,0.013333333333333334,Lower Risk
15656188,0,0.013333333333333334,Lower Risk
15795963,0,0.013333333333333334,Lower Risk
15785488,0,0.013333333333333334,Lower Risk
15632850,0,0.013333333333333334,Lower Risk
15740878,0,0.013333333333333334,Lower Risk
15569572,0,0.013333333333333334,Lower Risk
15695475,0,0.013333333333333334,Lower Risk
15599124,0,0.013333333333333334,Lower Risk
15774510,0,0.013333333333333334,Lower Risk
15606855,0,0.013333333333333334,Lower Risk
15702337,0,0.013333333333333334,Lower Risk
15654878,0,0.013333333333333334,Lower Risk
15615032,0,0.013333333333333334,Lower Risk
15607509,0,0.013333333333333334,Lower Risk
15592451,0,0.013333333333333334,Lower Risk
15635256,0,0.013333333333333334,Lower Risk
15659820,0,0.013333333333333334,Lower Risk
15569451,0,0.013333333333333334,Lower Risk
15766172,0,0.013333333333333334,Lower Risk
15645184,0,0.013333333333333334,Lower Risk
15790497,0,0.013333333333333334,Lower Risk
15575486,0,0.013333333333333334,Lower Risk
15568328,0,0.013333333333333334,Lower Risk
15767894,0,0.013333333333333334,Lower Risk
15757865,0,0.013333333333333334,Lower Risk
15750929,0,0.013333333333333334,Lower Risk
15641122,0,0.013333333333333334,Lower Risk
15755825,0,0.013333333333333334,Lower Risk
15748123,0,0.013333333333333334,Lower Risk
15734365,0,0.013333333333333334,Lower Risk
15768455,0,0.013333333333333334,Lower Risk
15751912,0,0.013333333333333334,Lower Risk
15794297,0,0.01,Lower Risk
15743570,0,0.01,Lower Risk
15599211,1,0.01,Lower Risk
15664204,0,0.01,Lower Risk
15603743,0,0.01,Lower Risk
15615004,0,0.01,Lower Risk
15793901,0,0.01,Lower Risk
15655274,0,0.01,Lower Risk
15640627,0,0.01,Lower Risk
15805627,0,0.01,Lower Risk
15775880,0,0.01,Lower Risk
15752588,0,0.01,Lower Risk
15797227,0,0.01,Lower Risk
15786539,0,0.01,Lower Risk
15672016,0,0.01,Lower Risk
15639662,0,0.01,Lower Risk
15658852,0,0.01,Lower Risk
15712584,0,0.01,Lower Risk
15747762,0,0.01,Lower Risk
15662091,0,0.01,Lower Risk
15641490,0,0.01,Lower Risk
15720676,0,0.01,Lower Risk
15716041,0,0.01,Lower Risk
15578375,0,0.01,Lower Risk
15716236,0,0.01,Lower Risk
15802390,0,0.01,Lower Risk
15695846,0,0.01,Lower Risk
15634373,0,0.01,Lower Risk
15773731,0,0.01,Lower Risk
15770539,0,0.01,Lower Risk
15759290,0,0.01,Lower Risk
15789095,0,0.01,Lower Risk
15640917,0,0.01,Lower Risk
15606849,0,0.01,Lower Risk
15608387,0,0.01,Lower Risk
15809901,0,0.01,Lower Risk
15737977,0,0.01,Lower Risk
15643392,0,0.01,Lower Risk
15808621,0,0.01,Lower Risk
15580805,0,0.006666666666666667,Lower Risk
15720529,0,0.006666666666666667,Lower Risk
15601387,0,0.006666666666666667,Lower Risk
15780628,0,0.006666666666666667,Lower Risk
15647890,0,0.006666666666666667,Lower Risk
15782311,0,0.006666666666666667,Lower Risk
15574858,0,0.006666666666666667,Lower Risk
15636572,0,0.006666666666666667,Lower Risk
15615016,0,0.006666666666666667,Lower Risk
15696539,0,0.006666666666666667,Lower Risk
15688395,0,0.006666666666666667,Lower Risk
15775116,0,0.006666666666666667,Lower Risk
15619238,0,0.006666666666666667,Lower Risk
15732265,0,0.006666666666666667,Lower Risk
15709653,0,0.006666666666666667,Lower Risk
15581840,0,0.006666666666666667,Lower Risk
15627377,0,0.006666666666666667,Lower Risk
15762198,0,0.006666666666666667,Lower Risk
15667215,0,0.006666666666666667,Lower Risk
15649129,0,0.006666666666666667,Lower Risk
15738627,0,0.006666666666666667,Lower Risk
15579548,0,0.006666666666666667,Lower Risk
15734948,0,0.006666666666666667,Lower Risk
15716023,0,0.006666666666666667,Lower Risk
15592914,0,0.006666666666666667,Lower Risk
15725002,0,0.006666666666666667,Lower Risk
15591150,0,0.006666666666666667,Lower Risk
15766787,0,0.006666666666666667,Lower Risk
15767921,0,0.006666666666666667,Lower Risk
15752186,0,0.006666666666666667,Lower Risk
15752912,0,0.006666666666666667,Lower Risk
15613097,0,0.006666666666666667,Lower Risk
15598802,0,0.006666666666666667,Lower Risk
15774872,0,0.006666666666666667,Lower Risk
15775562,0,0.006666666666666667,Lower Risk
15673907,0,0.006666666666666667,Lower Risk
15751336,0,0.006666666666666667,Lower Risk
15809872,0,0.006666666666666667,Lower Risk
15775627,0,0.006666666666666667,Lower Risk
15710375,0,0.0033333333333333335,Lower Risk
15675431,0,0.0033333333333333335,Lower Risk
15568238,0,0.0033333333333333335,Lower Risk
15611287,0,0.0033333333333333335,Lower Risk
15695168,0,0.0033333333333333335,Lower Risk
15730441,0,0.0033333333333333335,Lower Risk
15713479,0,0.0033333333333333335,Lower Risk
15575676,0,0.0033333333333333335,Lower Risk
15622443,0,0.0033333333333333335,Lower Risk
15725767,0,0.0033333333333333335,Lower Risk
15775234,0,0.0033333333333333335,Lower Risk
15631451,0,0.0033333333333333335,Lower Risk
15765266,0,0.0033333333333333335,Lower Risk
15810826,0,0.0033333333333333335,Lower Risk
15701281,0,0.0033333333333333335,Lower Risk
15802009,0,0.0033333333333333335,Lower Risk
15615575,0,0.0033333333333333335,Lower Risk
15699507,0,0.0033333333333333335,Lower Risk
15705506,0,0.0033333333333333335,Lower Risk
15659355,0,0.0033333333333333335,Lower Risk
15648735,0,0.0033333333333333335,Lower Risk
15647207,0,0.0033333333333333335,Lower Risk
15743075,0,0.0033333333333333335,Lower Risk
15590476,0,0.0033333333333333335,Lower Risk
15786200,0,0.0033333333333333335,Lower Risk
15610753,0,0.0033333333333333335,Lower Risk
15661349,0,0.0033333333333333335,Lower Risk
15656484,0,0.0033333333333333335,Lower Risk
15748882,0,0.0033333333333333335,Lower Risk
15757931,0,0.0033333333333333335,Lower Risk
15622494,0,0.0033333333333333335,Lower Risk
15642544,0,0.0,Lower Risk
15762821,0,0.0,Lower Risk
15681327,0,0.0,Lower Risk
15677739,0,0.0,Lower Risk
15742369,0,0.0,Lower Risk
15672357,0,0.0,Lower Risk
15726167,0,0.0,Lower Risk
15608726,0,0.0,Lower Risk
15586300,0,0.0,Lower Risk
15726358,0,0.0,Lower Risk
15780572,0,0.0,Lower Risk
15716800,0,0.0,Lower Risk
15593250,0,0.0,Lower Risk
15651958,0,0.0,Lower Risk
15653696,0,0.0,Lower Risk
15718245,0,0.0,Lower Risk
15690670,0,0.0,Lower Risk
15697567,0,0.0,Lower Risk
15767488,0,0.0,Lower Risk
